{
  "batch_size": 1,
  "dropout_rate": 0.33537784218788147,
  "layer_sizes": [
    227,
    227,
    227
  ],
  "learning_rate": 0.0029009780397115685,
  "lr_decay_gamma": 0.15620079040527346,
  "lr_decay_step": 5,
  "weight_decay": 0.0036115566802049194
}