{
  "batch_size": 32,
  "dropout_rate": 0.026316655607132006,
  "layer_sizes": [
    82,
    82,
    82,
    82
  ],
  "learning_rate": 0.0015979889798388089,
  "lr_decay_gamma": 0.2143098037832956,
  "lr_decay_step": 5,
  "weight_decay": 1.5237774117858201e-05
}