{
  "batch_size": 32,
  "dropout_rate": 0.03576149031396511,
  "layer_sizes": [
    210
  ],
  "learning_rate": 0.0014285063809674062,
  "lr_decay_gamma": 0.19607862568448373,
  "lr_decay_step": 5,
  "weight_decay": 1.9144316595722564e-05
}