{
  "batch_size": 1,
  "dropout_rate": 0.0775600252810054,
  "layer_sizes": [
    26,
    26
  ],
  "learning_rate": 0.0018583076864759239,
  "lr_decay_gamma": 0.2155151294057961,
  "lr_decay_step": 3,
  "weight_decay": 1.541683346973878e-05
}