{
  "batch_size": 32,
  "dropout_rate": 0.029777685180306435,
  "layer_sizes": [
    229
  ],
  "learning_rate": 0.0018066744808662232,
  "lr_decay_gamma": 0.19280415773391724,
  "lr_decay_step": 5,
  "weight_decay": 1.3561616064518674e-05
}