{
  "batch_size": 8,
  "dropout_rate": 0.46865901350975037,
  "layer_sizes": [
    78
  ],
  "learning_rate": 2.9675051830573663e-05,
  "lr_decay_gamma": 0.3505861043930054,
  "lr_decay_step": 5,
  "weight_decay": 0.0005018316708276627
}