{
  "batch_size": 64,
  "dropout_rate": 0.4074303874132998,
  "layer_sizes": [
    242
  ],
  "learning_rate": 1.6377361227928338e-06,
  "lr_decay_gamma": 0.21136392464054135,
  "lr_decay_step": 5,
  "weight_decay": 0.009658239353559462
}