{
  "batch_size": 32,
  "dropout_rate": 0.024806300696763588,
  "layer_sizes": [
    182,
    182,
    182
  ],
  "learning_rate": 0.0018063987978655619,
  "lr_decay_gamma": 0.2004002995339188,
  "lr_decay_step": 5,
  "weight_decay": 1.7137737803459558e-05
}