{
  "batch_size": 32,
  "dropout_rate": 0.12698745320512206,
  "layer_sizes": [
    101,
    101,
    101,
    101
  ],
  "learning_rate": 0.00010261394699705124,
  "lr_decay_gamma": 0.20976649651499482,
  "lr_decay_step": 5,
  "weight_decay": 0.007720492761150128
}