{
  "batch_size": 32,
  "dropout_rate": 0.02984284672413947,
  "layer_sizes": [
    53,
    53
  ],
  "learning_rate": 0.0015042760441959081,
  "lr_decay_gamma": 0.19969926304145483,
  "lr_decay_step": 5,
  "weight_decay": 1.623662429346695e-05
}