{
  "batch_size": 32,
  "dropout_rate": 0.024095512183993546,
  "layer_sizes": [
    155,
    155,
    155,
    155
  ],
  "learning_rate": 0.0018071509534420738,
  "lr_decay_gamma": 0.1960886510860115,
  "lr_decay_step": 5,
  "weight_decay": 1.6813089498522308e-05
}