{
  "batch_size": 32,
  "dropout_rate": 0.03176482685924839,
  "layer_sizes": [
    172,
    172,
    172
  ],
  "learning_rate": 0.0015618003781777351,
  "lr_decay_gamma": 0.23027987848044235,
  "lr_decay_step": 10,
  "weight_decay": 1.415449281717154e-05
}