{
  "batch_size": 32,
  "dropout_rate": 0.03446973948183785,
  "layer_sizes": [
    26,
    26
  ],
  "learning_rate": 0.0014111598222703039,
  "lr_decay_gamma": 0.1947490867229304,
  "lr_decay_step": 5,
  "weight_decay": 2.1194496402623526e-05
}