{
  "batch_size": 4,
  "dropout_rate": 0.19896367192268372,
  "layer_sizes": [
    207,
    207,
    207,
    207
  ],
  "learning_rate": 0.0017181874536286634,
  "lr_decay_gamma": 0.35654541850090027,
  "lr_decay_step": 10,
  "weight_decay": 3.357809411596882e-05
}