{
  "batch_size": 32,
  "dropout_rate": 0.03445982583145901,
  "layer_sizes": [
    92,
    92
  ],
  "learning_rate": 0.00188081103083674,
  "lr_decay_gamma": 0.19878880397261192,
  "lr_decay_step": 5,
  "weight_decay": 2.0397857031326276e-05
}