{
  "batch_size": 32,
  "dropout_rate": 0.021539373570173798,
  "layer_sizes": [
    128,
    128
  ],
  "learning_rate": 0.0016803559035941567,
  "lr_decay_gamma": 0.2181463553525844,
  "lr_decay_step": 7,
  "weight_decay": 1.496121754206828e-05
}