{
  "batch_size": 32,
  "dropout_rate": 0.03895988662052344,
  "layer_sizes": [
    243
  ],
  "learning_rate": 0.0016438025574811003,
  "lr_decay_gamma": 0.20503134365424958,
  "lr_decay_step": 5,
  "weight_decay": 1.7373522296018068e-05
}