{
  "batch_size": 64,
  "dropout_rate": 0.49867266984182856,
  "layer_sizes": [
    255,
    255,
    255
  ],
  "learning_rate": 0.0015173066123690575,
  "lr_decay_gamma": 0.30284643173217773,
  "lr_decay_step": 10,
  "weight_decay": 1.5348793313583895e-05
}