{
  "batch_size": 32,
  "dropout_rate": 0.15063216212468378,
  "layer_sizes": [
    17,
    17,
    17,
    17
  ],
  "learning_rate": 1.2140275845905053e-06,
  "lr_decay_gamma": 0.3871531104065707,
  "lr_decay_step": 10,
  "weight_decay": 5.402667899060416e-05
}