{
  "batch_size": 32,
  "dropout_rate": 0.08593782037496567,
  "layer_sizes": [
    119,
    119,
    119
  ],
  "learning_rate": 0.0016747216402882765,
  "lr_decay_gamma": 0.43225169663639085,
  "lr_decay_step": 7,
  "weight_decay": 0.0011226558291877703
}