{
  "batch_size": 4,
  "dropout_rate": 0.49344779316960374,
  "layer_sizes": [
    58,
    58
  ],
  "learning_rate": 4.2665594318123156e-05,
  "lr_decay_gamma": 0.19668468294535094,
  "lr_decay_step": 3,
  "weight_decay": 7.679321164970253e-05
}