{
  "batch_size": 32,
  "dropout_rate": 0.031138971744820804,
  "layer_sizes": [
    204
  ],
  "learning_rate": 0.0017554463780522004,
  "lr_decay_gamma": 0.21971911877040365,
  "lr_decay_step": 5,
  "weight_decay": 1.848836181811844e-05
}