{
  "batch_size": 64,
  "dropout_rate": 0.4034028280775298,
  "layer_sizes": [
    43,
    43
  ],
  "learning_rate": 2.127774930508987e-06,
  "lr_decay_gamma": 0.2131804172765093,
  "lr_decay_step": 5,
  "weight_decay": 0.009337149801342056
}