{
  "batch_size": 32,
  "dropout_rate": 0.023839943899071542,
  "layer_sizes": [
    126,
    126,
    126
  ],
  "learning_rate": 0.0018068406839308322,
  "lr_decay_gamma": 0.19280415773391724,
  "lr_decay_step": 5,
  "weight_decay": 1.649638752313038e-05
}