{
  "batch_size": 32,
  "dropout_rate": 0.37346927538612146,
  "layer_sizes": [
    168,
    168
  ],
  "learning_rate": 0.0009997526016870446,
  "lr_decay_gamma": 0.34888010105355965,
  "lr_decay_step": 10,
  "weight_decay": 9.862358366413878e-05
}