{
  "batch_size": 32,
  "dropout_rate": 0.02588673882388231,
  "layer_sizes": [
    70,
    70,
    70,
    70
  ],
  "learning_rate": 0.0014163823050676273,
  "lr_decay_gamma": 0.19918240549520141,
  "lr_decay_step": 5,
  "weight_decay": 1.784786763685381e-05
}