{
  "batch_size": 32,
  "dropout_rate": 0.057986459964214275,
  "layer_sizes": [
    111,
    111
  ],
  "learning_rate": 0.0013352207926666476,
  "lr_decay_gamma": 0.19287221201720559,
  "lr_decay_step": 5,
  "weight_decay": 1.6788093625183408e-05
}