{
  "batch_size": 4,
  "dropout_rate": 0.4762487525867365,
  "layer_sizes": [
    74
  ],
  "learning_rate": 0.0006954918994346389,
  "lr_decay_gamma": 0.2149028072080879,
  "lr_decay_step": 7,
  "weight_decay": 1.6665485507680148e-05
}