{
  "batch_size": 64,
  "dropout_rate": 0.4989290893318421,
  "layer_sizes": [
    19
  ],
  "learning_rate": 0.001465600674140976,
  "lr_decay_gamma": 0.30378516047065784,
  "lr_decay_step": 10,
  "weight_decay": 1.5610433096209135e-05
}