{
  "batch_size": 64,
  "dropout_rate": 0.40409255027770996,
  "layer_sizes": [
    69
  ],
  "learning_rate": 1.917989223603129e-06,
  "lr_decay_gamma": 0.1933631333181672,
  "lr_decay_step": 5,
  "weight_decay": 0.00906196080334393
}