{
  "batch_size": 8,
  "dropout_rate": 0.14062784612178802,
  "layer_sizes": [
    206,
    206,
    206
  ],
  "learning_rate": 0.0037855796730342428,
  "lr_decay_gamma": 0.18322900533676148,
  "lr_decay_step": 7,
  "weight_decay": 0.001910832073111252
}