{
  "batch_size": 32,
  "dropout_rate": 0.03509402141746789,
  "layer_sizes": [
    34,
    34,
    34,
    34
  ],
  "learning_rate": 0.0015239698508319748,
  "lr_decay_gamma": 0.1826892345645869,
  "lr_decay_step": 5,
  "weight_decay": 1.4531617091349174e-05
}