{
  "batch_size": 32,
  "dropout_rate": 0.05506446585059166,
  "layer_sizes": [
    97,
    97
  ],
  "learning_rate": 3.7246989377256052e-06,
  "lr_decay_gamma": 0.26372456550598145,
  "lr_decay_step": 5,
  "weight_decay": 0.0008099707194217291
}