{
  "batch_size": 32,
  "dropout_rate": 0.04786403173567898,
  "layer_sizes": [
    172,
    172,
    172
  ],
  "learning_rate": 0.00180968195497513,
  "lr_decay_gamma": 0.21656366119319878,
  "lr_decay_step": 7,
  "weight_decay": 1.7188454733691144e-05
}