{
  "batch_size": 8,
  "dropout_rate": 0.39709728956222534,
  "layer_sizes": [
    95,
    95,
    95
  ],
  "learning_rate": 0.00048028102418783966,
  "lr_decay_gamma": 0.46425888538360593,
  "lr_decay_step": 5,
  "weight_decay": 3.059078081077371e-05
}