{
  "batch_size": 64,
  "dropout_rate": 0.4844989105995337,
  "layer_sizes": [
    28,
    28,
    28,
    28
  ],
  "learning_rate": 0.0016444527509154286,
  "lr_decay_gamma": 0.30060326909081164,
  "lr_decay_step": 10,
  "weight_decay": 1.5632502605069545e-05
}