{
  "batch_size": 1,
  "dropout_rate": 0.26200398415925724,
  "layer_sizes": [
    73,
    73,
    73,
    73
  ],
  "learning_rate": 0.00017285375965760865,
  "lr_decay_gamma": 0.3986051401579451,
  "lr_decay_step": 3,
  "weight_decay": 0.000455429663429628
}