{
  "batch_size": 16,
  "dropout_rate": 0.40756509979445243,
  "layer_sizes": [
    63,
    63
  ],
  "learning_rate": 0.0007292336707442837,
  "lr_decay_gamma": 0.1254733902468819,
  "lr_decay_step": 5,
  "weight_decay": 2.0108310844100674e-05
}