{
  "batch_size": 32,
  "dropout_rate": 0.05790351544556587,
  "layer_sizes": [
    210,
    210,
    210,
    210
  ],
  "learning_rate": 0.0016359750085429632,
  "lr_decay_gamma": 0.19809626635174832,
  "lr_decay_step": 5,
  "weight_decay": 1.8621285905119993e-05
}