{
  "batch_size": 32,
  "dropout_rate": 0.03250974084244029,
  "layer_sizes": [
    242,
    242,
    242
  ],
  "learning_rate": 0.0019132965637570407,
  "lr_decay_gamma": 0.2023263547136383,
  "lr_decay_step": 5,
  "weight_decay": 1.6351947702385097e-05
}