{
  "batch_size": 64,
  "dropout_rate": 0.41687712662824516,
  "layer_sizes": [
    52
  ],
  "learning_rate": 1.6275384125073885e-06,
  "lr_decay_gamma": 0.2080244420289719,
  "lr_decay_step": 5,
  "weight_decay": 0.008663453438428084
}