{
  "batch_size": 16,
  "dropout_rate": 0.06722620630187712,
  "layer_sizes": [
    78,
    78
  ],
  "learning_rate": 0.0003755528277304421,
  "lr_decay_gamma": 0.3701544763323806,
  "lr_decay_step": 5,
  "weight_decay": 0.002666590426714555
}