{
  "batch_size": 4,
  "dropout_rate": 0.08188548037620907,
  "layer_sizes": [
    150
  ],
  "learning_rate": 0.001139010184821737,
  "lr_decay_gamma": 0.2514234483242035,
  "lr_decay_step": 10,
  "weight_decay": 0.0001370820021183956
}