{
  "batch_size": 1,
  "dropout_rate": 0.02397223484483374,
  "layer_sizes": [
    227,
    227,
    227,
    227
  ],
  "learning_rate": 0.0017624756112905665,
  "lr_decay_gamma": 0.19972822143545876,
  "lr_decay_step": 7,
  "weight_decay": 2.1986465032988123e-05
}