{
  "batch_size": 8,
  "dropout_rate": 0.49316900114710227,
  "layer_sizes": [
    164,
    164
  ],
  "learning_rate": 0.000517606404467725,
  "lr_decay_gamma": 0.3577235478190713,
  "lr_decay_step": 5,
  "weight_decay": 1.6779585147395513e-05
}