{
  "batch_size": 32,
  "dropout_rate": 0.02612759157929346,
  "layer_sizes": [
    90,
    90,
    90
  ],
  "learning_rate": 0.0018045708365590875,
  "lr_decay_gamma": 0.19933848583154337,
  "lr_decay_step": 5,
  "weight_decay": 1.6916963205961502e-05
}