{
  "batch_size": 32,
  "dropout_rate": 0.029709040136228312,
  "layer_sizes": [
    80,
    80,
    80,
    80
  ],
  "learning_rate": 0.0018068406839308322,
  "lr_decay_gamma": 0.19280415773391724,
  "lr_decay_step": 5,
  "weight_decay": 1.3540437933800418e-05
}