{
  "batch_size": 16,
  "dropout_rate": 0.0028943903744220734,
  "layer_sizes": [
    231
  ],
  "learning_rate": 0.0025473190614416024,
  "lr_decay_gamma": 0.23537049293518067,
  "lr_decay_step": 10,
  "weight_decay": 1.2170526223333373e-05
}