{
  "batch_size": 64,
  "dropout_rate": 0.40395218717097314,
  "layer_sizes": [
    31,
    31,
    31
  ],
  "learning_rate": 1.7050523594948138e-06,
  "lr_decay_gamma": 0.2073077292171158,
  "lr_decay_step": 5,
  "weight_decay": 0.007507850322401132
}