{
  "batch_size": 16,
  "dropout_rate": 0.23061245679855347,
  "layer_sizes": [
    26,
    26
  ],
  "learning_rate": 1.367871237069263e-05,
  "lr_decay_gamma": 0.4664599180221558,
  "lr_decay_step": 5,
  "weight_decay": 1.7911081422835124e-05
}