{
  "batch_size": 16,
  "dropout_rate": 0.40756509979445243,
  "layer_sizes": [
    34,
    34
  ],
  "learning_rate": 0.00045531567859569193,
  "lr_decay_gamma": 0.3454732409616926,
  "lr_decay_step": 7,
  "weight_decay": 2.0108310844100674e-05
}