{
  "batch_size": 64,
  "dropout_rate": 0.3102971563728082,
  "layer_sizes": [
    96,
    96,
    96
  ],
  "learning_rate": 8.773694513307104e-05,
  "lr_decay_gamma": 0.19371881625183038,
  "lr_decay_step": 5,
  "weight_decay": 0.0017782349489948747
}