{
  "batch_size": 32,
  "dropout_rate": 0.07005220212071475,
  "layer_sizes": [
    92
  ],
  "learning_rate": 0.0011245031901691968,
  "lr_decay_gamma": 0.2076928706333408,
  "lr_decay_step": 5,
  "weight_decay": 1.6774569616607245e-05
}