{
  "batch_size": 1,
  "dropout_rate": 0.46443003197143395,
  "layer_sizes": [
    147,
    147
  ],
  "learning_rate": 4.73778001912121e-06,
  "lr_decay_gamma": 0.13625960840734302,
  "lr_decay_step": 3,
  "weight_decay": 1.2916021429789751e-05
}