{
  "batch_size": 4,
  "dropout_rate": 0.1665833294391632,
  "layer_sizes": [
    138,
    138,
    138
  ],
  "learning_rate": 2.409539646400016e-06,
  "lr_decay_gamma": 0.11747757047414781,
  "lr_decay_step": 3,
  "weight_decay": 0.00016200695585347866
}