{
  "batch_size": 32,
  "dropout_rate": 0.04128222192253074,
  "layer_sizes": [
    158
  ],
  "learning_rate": 0.0017446229456333383,
  "lr_decay_gamma": 0.2343257284849762,
  "lr_decay_step": 3,
  "weight_decay": 1.2068555029488856e-05
}