{
  "batch_size": 32,
  "dropout_rate": 0.03015599586069584,
  "layer_sizes": [
    70,
    70,
    70,
    70
  ],
  "learning_rate": 0.0015199046353351394,
  "lr_decay_gamma": 0.2017869591712952,
  "lr_decay_step": 5,
  "weight_decay": 1.6260641770087997e-05
}