{
  "batch_size": 8,
  "dropout_rate": 0.11619889732021375,
  "layer_sizes": [
    142,
    142,
    142
  ],
  "learning_rate": 2.4437022228189074e-06,
  "lr_decay_gamma": 0.4651844455146813,
  "lr_decay_step": 5,
  "weight_decay": 9.53562100095675e-05
}