{
  "batch_size": 1,
  "dropout_rate": 0.14468102960001433,
  "layer_sizes": [
    13
  ],
  "learning_rate": 0.0009100398926249201,
  "lr_decay_gamma": 0.1835731408482637,
  "lr_decay_step": 3,
  "weight_decay": 7.153324004143224e-05
}