{
  "batch_size": 32,
  "dropout_rate": 0.02719243472185288,
  "layer_sizes": [
    121
  ],
  "learning_rate": 0.0015070049476845703,
  "lr_decay_gamma": 0.20329917819182244,
  "lr_decay_step": 5,
  "weight_decay": 1.8593474427982512e-05
}