{
  "batch_size": 64,
  "dropout_rate": 0.38817850989749847,
  "layer_sizes": [
    43
  ],
  "learning_rate": 3.0815642720552975e-06,
  "lr_decay_gamma": 0.18971683789191127,
  "lr_decay_step": 5,
  "weight_decay": 0.009351540990348064
}