{
  "batch_size": 32,
  "dropout_rate": 0.029777685681150384,
  "layer_sizes": [
    200,
    200,
    200,
    200
  ],
  "learning_rate": 0.0018068403163170293,
  "lr_decay_gamma": 0.19280415837055723,
  "lr_decay_step": 5,
  "weight_decay": 1.6260645117620318e-05
}