{
  "batch_size": 32,
  "dropout_rate": 0.042740047546337784,
  "layer_sizes": [
    46,
    46,
    46,
    46
  ],
  "learning_rate": 0.0012826882947350434,
  "lr_decay_gamma": 0.20207676016762585,
  "lr_decay_step": 5,
  "weight_decay": 2.1366891548909834e-05
}