{
  "batch_size": 1,
  "dropout_rate": 0.45198808689023184,
  "layer_sizes": [
    46
  ],
  "learning_rate": 0.0010146072409009514,
  "lr_decay_gamma": 0.3790070299955316,
  "lr_decay_step": 3,
  "weight_decay": 0.0019258707245807854
}