{
  "batch_size": 4,
  "dropout_rate": 0.25091723127064525,
  "layer_sizes": [
    189,
    189,
    189,
    189
  ],
  "learning_rate": 1.0931387968559832e-06,
  "lr_decay_gamma": 0.3881221619161645,
  "lr_decay_step": 7,
  "weight_decay": 0.0002512131535852526
}