{
  "batch_size": 32,
  "dropout_rate": 0.029112906791204964,
  "layer_sizes": [
    88
  ],
  "learning_rate": 0.001759765828732398,
  "lr_decay_gamma": 0.22336308162249602,
  "lr_decay_step": 5,
  "weight_decay": 1.679635788780474e-05
}