{
  "batch_size": 64,
  "dropout_rate": 0.3795059265684602,
  "layer_sizes": [
    150,
    150
  ],
  "learning_rate": 1.6114011785594527e-06,
  "lr_decay_gamma": 0.20511231107200636,
  "lr_decay_step": 5,
  "weight_decay": 0.009776937528909437
}