{
  "batch_size": 32,
  "dropout_rate": 0.23184043627194645,
  "layer_sizes": [
    10,
    10,
    10
  ],
  "learning_rate": 0.0021508697432460777,
  "lr_decay_gamma": 0.46807819245669063,
  "lr_decay_step": 3,
  "weight_decay": 0.006197082321914209
}