{
  "batch_size": 32,
  "dropout_rate": 0.05014066243116316,
  "layer_sizes": [
    164,
    164,
    164
  ],
  "learning_rate": 0.0018146695182117947,
  "lr_decay_gamma": 0.2238790303719543,
  "lr_decay_step": 5,
  "weight_decay": 1.4938316950726398e-05
}