{
  "batch_size": 32,
  "dropout_rate": 0.011869641553135829,
  "layer_sizes": [
    227,
    227
  ],
  "learning_rate": 0.0018102398027837767,
  "lr_decay_gamma": 0.22008914352527248,
  "lr_decay_step": 5,
  "weight_decay": 1.39262924510328e-05
}