{
  "batch_size": 32,
  "dropout_rate": 0.015773355930177646,
  "layer_sizes": [
    154
  ],
  "learning_rate": 0.0015282346742249064,
  "lr_decay_gamma": 0.20925702589998862,
  "lr_decay_step": 5,
  "weight_decay": 1.6377658365811953e-05
}