{
  "batch_size": 64,
  "dropout_rate": 0.2773167368966375,
  "layer_sizes": [
    44,
    44,
    44
  ],
  "learning_rate": 0.0002151661375334709,
  "lr_decay_gamma": 0.11868518321811582,
  "lr_decay_step": 10,
  "weight_decay": 0.00031800293698950027
}