{
  "batch_size": 64,
  "dropout_rate": 0.3950403780590373,
  "layer_sizes": [
    181,
    181,
    181
  ],
  "learning_rate": 2.992693622388629e-06,
  "lr_decay_gamma": 0.22775081660071847,
  "lr_decay_step": 5,
  "weight_decay": 0.008491034611868637
}