{
  "batch_size": 32,
  "dropout_rate": 0.025621682087947545,
  "layer_sizes": [
    45
  ],
  "learning_rate": 0.0017817469558253994,
  "lr_decay_gamma": 0.19287168541885064,
  "lr_decay_step": 5,
  "weight_decay": 1.6260645117620318e-05
}