{
  "batch_size": 1,
  "dropout_rate": 0.029157110564988237,
  "layer_sizes": [
    126
  ],
  "learning_rate": 2.7225094995442113e-05,
  "lr_decay_gamma": 0.49982034824411564,
  "lr_decay_step": 5,
  "weight_decay": 0.0017948176634808152
}