{
  "batch_size": 32,
  "dropout_rate": 0.006120900498493384,
  "layer_sizes": [
    214,
    214,
    214,
    214
  ],
  "learning_rate": 0.0016939529319278494,
  "lr_decay_gamma": 0.19963234486940082,
  "lr_decay_step": 5,
  "weight_decay": 1.6025920147811535e-05
}