{
  "batch_size": 64,
  "dropout_rate": 0.367529925352688,
  "layer_sizes": [
    220
  ],
  "learning_rate": 3.5016268939406734e-06,
  "lr_decay_gamma": 0.1933043897151947,
  "lr_decay_step": 5,
  "weight_decay": 0.008621731864359604
}