{
  "batch_size": 8,
  "dropout_rate": 0.08188548037620907,
  "layer_sizes": [
    116,
    116
  ],
  "learning_rate": 0.0015680083651597228,
  "lr_decay_gamma": 0.2514234483242035,
  "lr_decay_step": 3,
  "weight_decay": 0.0001370820021183956
}