{
  "batch_size": 32,
  "dropout_rate": 0.041847272085620196,
  "layer_sizes": [
    189
  ],
  "learning_rate": 0.0015917475074937537,
  "lr_decay_gamma": 0.22316093200126125,
  "lr_decay_step": 5,
  "weight_decay": 1.8494626527919314e-05
}