{
  "batch_size": 4,
  "dropout_rate": 0.3915743080435264,
  "layer_sizes": [
    153,
    153,
    153,
    153
  ],
  "learning_rate": 1.9883268548955838e-05,
  "lr_decay_gamma": 0.30272967840542797,
  "lr_decay_step": 10,
  "weight_decay": 0.0004957194120794598
}