{
  "batch_size": 32,
  "dropout_rate": 0.022450513534255378,
  "layer_sizes": [
    207,
    207,
    207
  ],
  "learning_rate": 0.0018142751186390996,
  "lr_decay_gamma": 0.1986187171078605,
  "lr_decay_step": 5,
  "weight_decay": 1.708106833506891e-05
}