{
  "batch_size": 64,
  "dropout_rate": 0.37239233417254636,
  "layer_sizes": [
    217
  ],
  "learning_rate": 0.000457892174149086,
  "lr_decay_gamma": 0.3115564920490814,
  "lr_decay_step": 10,
  "weight_decay": 0.0005710572241490888
}