{
  "batch_size": 32,
  "dropout_rate": 0.2541115982296049,
  "layer_sizes": [
    103,
    103,
    103,
    103
  ],
  "learning_rate": 0.0034382985646980928,
  "lr_decay_gamma": 0.4991663002754828,
  "lr_decay_step": 10,
  "weight_decay": 0.000343513529752855
}