{
  "batch_size": 4,
  "dropout_rate": 0.29807743430137634,
  "layer_sizes": [
    210,
    210,
    210
  ],
  "learning_rate": 0.001743169760975466,
  "lr_decay_gamma": 0.14421291053295138,
  "lr_decay_step": 10,
  "weight_decay": 0.0003500248786162324
}