{
  "batch_size": 16,
  "dropout_rate": 0.2179444432258606,
  "layer_sizes": [
    122,
    122,
    122,
    122
  ],
  "learning_rate": 0.0009187689108748631,
  "lr_decay_gamma": 0.31867074966430664,
  "lr_decay_step": 5,
  "weight_decay": 0.004351547034171058
}