{
  "batch_size": 64,
  "dropout_rate": 0.4099567789686263,
  "layer_sizes": [
    49,
    49,
    49,
    49
  ],
  "learning_rate": 1.0716599256765759e-06,
  "lr_decay_gamma": 0.20064034290345129,
  "lr_decay_step": 5,
  "weight_decay": 0.00668137377553565
}