{
  "batch_size": 32,
  "dropout_rate": 0.001801470212039951,
  "layer_sizes": [
    38,
    38
  ],
  "learning_rate": 0.0018142522172933302,
  "lr_decay_gamma": 0.19969876776493387,
  "lr_decay_step": 5,
  "weight_decay": 1.4188507045101972e-05
}