{
  "batch_size": 64,
  "dropout_rate": 0.3948733673317873,
  "layer_sizes": [
    125
  ],
  "learning_rate": 1.652671962695722e-06,
  "lr_decay_gamma": 0.2093487947617338,
  "lr_decay_step": 5,
  "weight_decay": 0.0083962836972515
}