{
  "batch_size": 32,
  "dropout_rate": 0.03689496215206889,
  "layer_sizes": [
    14
  ],
  "learning_rate": 0.0008339608707231391,
  "lr_decay_gamma": 0.19445909290276536,
  "lr_decay_step": 5,
  "weight_decay": 1.8126915483420956e-05
}