{
  "batch_size": 32,
  "dropout_rate": 0.30857712030410767,
  "layer_sizes": [
    58,
    58
  ],
  "learning_rate": 6.562448294204842e-06,
  "lr_decay_gamma": 0.34445099830627446,
  "lr_decay_step": 10,
  "weight_decay": 0.0001662938838376434
}