{
  "batch_size": 32,
  "dropout_rate": 0.3036632912701126,
  "layer_sizes": [
    147
  ],
  "learning_rate": 2.1312179892315354e-05,
  "lr_decay_gamma": 0.3497661683182141,
  "lr_decay_step": 5,
  "weight_decay": 4.4562291375714393e-05
}