{
  "batch_size": 64,
  "dropout_rate": 0.04207727628625998,
  "layer_sizes": [
    205
  ],
  "learning_rate": 0.0015618003781777351,
  "lr_decay_gamma": 0.23030233872586223,
  "lr_decay_step": 7,
  "weight_decay": 1.2393430522824445e-05
}