{
  "batch_size": 32,
  "dropout_rate": 0.05765621364116669,
  "layer_sizes": [
    163,
    163
  ],
  "learning_rate": 9.717310639263118e-05,
  "lr_decay_gamma": 0.26869301795959477,
  "lr_decay_step": 7,
  "weight_decay": 0.008430875644971537
}