{
  "batch_size": 32,
  "dropout_rate": 0.03978116122214783,
  "layer_sizes": [
    134,
    134,
    134,
    134
  ],
  "learning_rate": 0.0015777077551264904,
  "lr_decay_gamma": 0.19950231056437373,
  "lr_decay_step": 5,
  "weight_decay": 1.793807343091023e-05
}