{
  "batch_size": 32,
  "dropout_rate": 0.020621491138664585,
  "layer_sizes": [
    187
  ],
  "learning_rate": 0.0019660554977391264,
  "lr_decay_gamma": 0.20270490577297487,
  "lr_decay_step": 5,
  "weight_decay": 1.675213986536173e-05
}