{
  "batch_size": 8,
  "dropout_rate": 0.4082817516759406,
  "layer_sizes": [
    229
  ],
  "learning_rate": 1.9868535381657397e-05,
  "lr_decay_gamma": 0.4321623798483076,
  "lr_decay_step": 5,
  "weight_decay": 0.0004957194120794598
}