{
  "batch_size": 1,
  "dropout_rate": 0.047459532639005333,
  "layer_sizes": [
    70,
    70,
    70,
    70
  ],
  "learning_rate": 0.0017976018494495973,
  "lr_decay_gamma": 0.19972822143545876,
  "lr_decay_step": 7,
  "weight_decay": 1.7166793783613507e-05
}