{
  "batch_size": 64,
  "dropout_rate": 0.374936718894106,
  "layer_sizes": [
    132
  ],
  "learning_rate": 1.3514912439736004e-06,
  "lr_decay_gamma": 0.20570512079841521,
  "lr_decay_step": 5,
  "weight_decay": 0.00965754825247511
}