{
  "batch_size": 32,
  "dropout_rate": 0.03015599586069584,
  "layer_sizes": [
    26,
    26,
    26,
    26
  ],
  "learning_rate": 5.247973639164398e-05,
  "lr_decay_gamma": 0.18407582580664594,
  "lr_decay_step": 5,
  "weight_decay": 1.3387332000458023e-05
}