{
  "batch_size": 32,
  "dropout_rate": 0.08443516678287993,
  "layer_sizes": [
    154
  ],
  "learning_rate": 0.0015668972458497685,
  "lr_decay_gamma": 0.2023729007262285,
  "lr_decay_step": 5,
  "weight_decay": 1.8864348601432335e-05
}