{
  "batch_size": 32,
  "dropout_rate": 0.006245069207706122,
  "layer_sizes": [
    105,
    105
  ],
  "learning_rate": 0.0018094927587609458,
  "lr_decay_gamma": 0.2010338536018188,
  "lr_decay_step": 5,
  "weight_decay": 1.5813802963285817e-05
}