{
  "batch_size": 32,
  "dropout_rate": 0.029927335251723836,
  "layer_sizes": [
    127,
    127,
    127
  ],
  "learning_rate": 0.0015180097669230295,
  "lr_decay_gamma": 0.19969926304145483,
  "lr_decay_step": 5,
  "weight_decay": 1.81111095768238e-05
}