{
  "batch_size": 32,
  "dropout_rate": 0.03015599586069584,
  "layer_sizes": [
    111,
    111,
    111,
    111
  ],
  "learning_rate": 0.0031621098893727887,
  "lr_decay_gamma": 0.18325391897013557,
  "lr_decay_step": 5,
  "weight_decay": 0.0005114189400651265
}