{
  "batch_size": 8,
  "dropout_rate": 0.0775600252810054,
  "layer_sizes": [
    9
  ],
  "learning_rate": 0.0018596110481637759,
  "lr_decay_gamma": 0.2155151294057961,
  "lr_decay_step": 5,
  "weight_decay": 1.541683346973878e-05
}