{
  "batch_size": 8,
  "dropout_rate": 0.08555915206670761,
  "layer_sizes": [
    46,
    46,
    46,
    46
  ],
  "learning_rate": 0.00022784002227687388,
  "lr_decay_gamma": 0.43195562362670903,
  "lr_decay_step": 3,
  "weight_decay": 7.724170721567498e-05
}