{
  "batch_size": 64,
  "dropout_rate": 0.499764004430672,
  "layer_sizes": [
    220,
    220
  ],
  "learning_rate": 0.0014583174319649267,
  "lr_decay_gamma": 0.30210568034264207,
  "lr_decay_step": 10,
  "weight_decay": 1.56098978556057e-05
}