{
  "batch_size": 32,
  "dropout_rate": 0.039702651090400165,
  "layer_sizes": [
    24,
    24
  ],
  "learning_rate": 0.0015801917612742187,
  "lr_decay_gamma": 0.20635991034225185,
  "lr_decay_step": 3,
  "weight_decay": 2.2228895883936177e-05
}