{
  "batch_size": 64,
  "dropout_rate": 0.4894012576095211,
  "layer_sizes": [
    96,
    96
  ],
  "learning_rate": 0.0014452858295194494,
  "lr_decay_gamma": 0.30220795127065386,
  "lr_decay_step": 10,
  "weight_decay": 1.561571052904593e-05
}