{
  "batch_size": 64,
  "dropout_rate": 0.46861761808395386,
  "layer_sizes": [
    167,
    167,
    167,
    167
  ],
  "learning_rate": 0.007197525596029744,
  "lr_decay_gamma": 0.29447916746139524,
  "lr_decay_step": 3,
  "weight_decay": 0.00020903979176179168
}