{
  "batch_size": 32,
  "dropout_rate": 0.02134865335453238,
  "layer_sizes": [
    47,
    47
  ],
  "learning_rate": 0.0016487308899026292,
  "lr_decay_gamma": 0.1990807497045655,
  "lr_decay_step": 5,
  "weight_decay": 2.4311877812942047e-05
}