{
  "batch_size": 1,
  "dropout_rate": 0.05995969416066202,
  "layer_sizes": [
    95,
    95,
    95
  ],
  "learning_rate": 0.0017966511989271588,
  "lr_decay_gamma": 0.2256195720043218,
  "lr_decay_step": 10,
  "weight_decay": 1.3518516045502244e-05
}