{
  "batch_size": 32,
  "dropout_rate": 0.03015599586069584,
  "layer_sizes": [
    88,
    88,
    88,
    88
  ],
  "learning_rate": 2.9737928175846373e-05,
  "lr_decay_gamma": 0.19618080871811813,
  "lr_decay_step": 5,
  "weight_decay": 0.00031233535650899665
}