{
  "batch_size": 32,
  "dropout_rate": 0.029709040136228312,
  "layer_sizes": [
    161,
    161
  ],
  "learning_rate": 0.0018068406839308322,
  "lr_decay_gamma": 0.1918417385896889,
  "lr_decay_step": 5,
  "weight_decay": 1.547110198625289e-05
}