{
  "batch_size": 32,
  "dropout_rate": 0.029177589377662662,
  "layer_sizes": [
    244,
    244,
    244,
    244
  ],
  "learning_rate": 0.0014815449698958338,
  "lr_decay_gamma": 0.1955354763089262,
  "lr_decay_step": 5,
  "weight_decay": 1.749236838598743e-05
}