{
  "batch_size": 8,
  "dropout_rate": 0.0009130033072735216,
  "layer_sizes": [
    150,
    150,
    150,
    150
  ],
  "learning_rate": 9.864593171399266e-06,
  "lr_decay_gamma": 0.4888759693766711,
  "lr_decay_step": 3,
  "weight_decay": 0.00015517077079479907
}