{
  "batch_size": 16,
  "dropout_rate": 0.49857186271361903,
  "layer_sizes": [
    166,
    166,
    166,
    166
  ],
  "learning_rate": 1.6248481834698412e-06,
  "lr_decay_gamma": 0.33634419353678957,
  "lr_decay_step": 10,
  "weight_decay": 0.0005479233963589216
}