{
  "batch_size": 1,
  "dropout_rate": 0.47410690784454346,
  "layer_sizes": [
    252,
    252,
    252
  ],
  "learning_rate": 0.00035596092806629124,
  "lr_decay_gamma": 0.34694664478302006,
  "lr_decay_step": 7,
  "weight_decay": 4.124060556055114e-05
}