{
  "batch_size": 32,
  "dropout_rate": 0.021690480323050106,
  "layer_sizes": [
    71,
    71,
    71
  ],
  "learning_rate": 0.0014374916347862086,
  "lr_decay_gamma": 0.19756385349857755,
  "lr_decay_step": 5,
  "weight_decay": 2.252742008139152e-05
}