{
  "batch_size": 32,
  "dropout_rate": 0.015437468337080045,
  "layer_sizes": [
    245,
    245,
    245
  ],
  "learning_rate": 0.0018282359882421087,
  "lr_decay_gamma": 0.19920105653662248,
  "lr_decay_step": 5,
  "weight_decay": 1.2594524092113852e-05
}