{
  "batch_size": 32,
  "dropout_rate": 0.038212759248124756,
  "layer_sizes": [
    18
  ],
  "learning_rate": 0.0014239873574982218,
  "lr_decay_gamma": 0.21590824243383408,
  "lr_decay_step": 5,
  "weight_decay": 1.299025454083141e-05
}