{
  "batch_size": 32,
  "dropout_rate": 0.027440353089705407,
  "layer_sizes": [
    196
  ],
  "learning_rate": 0.0018724030928705332,
  "lr_decay_gamma": 0.1994748681512358,
  "lr_decay_step": 10,
  "weight_decay": 1.6929236522992405e-05
}