{
  "batch_size": 64,
  "dropout_rate": 0.2634232862682673,
  "layer_sizes": [
    230,
    230,
    230,
    230
  ],
  "learning_rate": 0.0014180932447243192,
  "lr_decay_gamma": 0.2293727993965149,
  "lr_decay_step": 7,
  "weight_decay": 0.009675759098961907
}