{
  "batch_size": 32,
  "dropout_rate": 0.029777685180306435,
  "layer_sizes": [
    34,
    34,
    34,
    34
  ],
  "learning_rate": 0.0018068406839308322,
  "lr_decay_gamma": 0.1881726538286055,
  "lr_decay_step": 5,
  "weight_decay": 1.6260645117620318e-05
}