{
  "batch_size": 32,
  "dropout_rate": 0.057367762545854545,
  "layer_sizes": [
    197,
    197
  ],
  "learning_rate": 0.0018068406839308322,
  "lr_decay_gamma": 0.1998941121549357,
  "lr_decay_step": 7,
  "weight_decay": 1.6905537942075693e-05
}