{
  "batch_size": 32,
  "dropout_rate": 0.02127916492135004,
  "layer_sizes": [
    106
  ],
  "learning_rate": 0.0018332741151861757,
  "lr_decay_gamma": 0.2352772392144516,
  "lr_decay_step": 5,
  "weight_decay": 1.4672800801290701e-05
}