{
  "batch_size": 8,
  "dropout_rate": 0.2729493975639343,
  "layer_sizes": [
    92,
    92,
    92
  ],
  "learning_rate": 0.0009724886055419354,
  "lr_decay_gamma": 0.2187901020050049,
  "lr_decay_step": 5,
  "weight_decay": 0.00019176076600227433
}