{
  "batch_size": 32,
  "dropout_rate": 0.022566908208347215,
  "layer_sizes": [
    61,
    61
  ],
  "learning_rate": 0.0022645854721850506,
  "lr_decay_gamma": 0.19796680971625089,
  "lr_decay_step": 5,
  "weight_decay": 1.7313180547575054e-05
}