{
  "batch_size": 32,
  "dropout_rate": 0.0451026696995917,
  "layer_sizes": [
    151,
    151
  ],
  "learning_rate": 0.0018635214241244365,
  "lr_decay_gamma": 0.21426906620203034,
  "lr_decay_step": 5,
  "weight_decay": 1.4938316950726398e-05
}